fecha,titular,termino,enlace,medio
31/01/2026,Mueren dos funcionarios de Protección Civil de Naucalpan por presunta fuga de gas en su vivienda,gas,https://news.google.com/rss/articles/CBMi-wFBVV95cUxOQVU5bHZncm04Qmp3RllNcm5QcENzVUlYaTRWZ283UzRheGpaUElqQUdwdm8xeXFueDd3bm5EV2dJZUdRSU5pcGxRcHBaS3BGOFJLUmN3M2JfX1AzLUNGSnhUdkxFNmNaYW1hQ1lBakJlZGtGckVCcDZrTGI4UWo5Szg0RElFdjRhSXJmWjVHeERMM29NVVl4T0ZUMWRPSUFwendnM05nSEdTWnpRWDQ0WHZldnZfbmlsUmlBQlRBRmwyOEdYckdzSEN3dXpXSVpfS1l0NXEyT1BQOUlGTUozNVRIR3JTSlprN2RwNmVod1BPZnpscFVaY19JQdIBjwJBVV95cUxPZlJ4eEtiMkhHWGNMckFaRzlWMFdjWDZTTUtKY3BBaVBsY0QzcUFNYUdIbFhzYVBQbnRwVUJpTWdkZGlCNFV5aWNCRkFCSDYtaUN6RjFXeUNLRHNuZmgwZzVFd3ZuV2JDVWtYQVo1ajh2aFhKdHVuTVRFNHIzX2w5YVlfS2Nmb0I0T056Zk5vNk9GUEt2ZTdRMllqWDcxVVlseTRnczdqM1c1a2xUeUo1YW54TkVVdTVmbklWcDQydlFhcEJuYjRwUUZENjJzbHFyWHRlbmNvZ1YycmJjajd6YlJsUDZMVXRvVXd0eVpUbVRhTmpVR1hTc2FMdllmc3hlSHRzNDBEYzRfSGpoWlJr?oc=5,El Universal
31/01/2026,"Explosión en ciudad iraní del Golfo fue causada por escape de gas, según los bomberos y medios descartan posible ataque o sabotaje",gas,https://news.google.com/rss/articles/CBMi6wFBVV95cUxPN0NlVHFxcF9fTmtzUEVsaXZxMFZTcC11RkZ2YUxnZ08wVnBNdloyazF3NFRNYm1YVm12UnNMQ1VCUUNjVjBqQVRjX3JVMWdKTUxTaDdUdnBta2NxWlpmOWctQ3FLa182ZmhfSW9PNG4xTlBfdWVmTkJDTWhPU19Ja3ZCd09JVW1yRi04c2I0dDFUNmRlOWNtb1Y4ZDIycEZkVHZxQzRqbmxhRW1jREV5YlJ2UXJNREhCLXZrbjZxbXpwS09JNGZjVHZkQUJsWWRHWGZtclk4TVZpVWRRWnhXbW1GclhZWmxwMDhJ0gH_AUFVX3lxTE5MaWFyYnptbHVGeE5yeEZ0TUJmUmctX2xEMko2Zl9CMDd5Z1kzd0ZmMzVQM0xtZDRocUxBeWJ5Skh1d3lIM1dsWXI0RUVSVjIweWk0Zm1TLTJBYzJDSEhKdGFaZkU4UnN5OWhvbFhHRXIwc2FIYTlTXzNzbjFmZkZ2ZEtqWkRsWmtVZzRHcTZadVVKS1d1d3BsUWxJNTZfaUJ5cHFTUm04NUQ4OTdMR2NzdVRDX25zTjdnNVNxbjJQeTRXeEdNb3IxemZBdWhDZWgyN1pUdzFDMWp3THJQck9lNWU5S01QdmdVYnQ1ZVBCdGlwS2hTSlcyRnJJSXg5dw?oc=5,El Universal
31/01/2026,"Trabajos de repavimentación provocan fuga de gas en avenida Hank González, en Coacalco",gas,https://news.google.com/rss/articles/CBMi6AFBVV95cUxOX0tEUVRxd1dfY09sbTRkdTJ4UzFLbXM0ZS0xazRyajB4Rkd4QnRic1VDWkhhSnlaUEE5aGtsRlRnUjZWUHlEdHNtNElsOTEtYnZYUEtCSl94WndNMnZVWVpFQjNfQzIwemc1ZV9GMVVSZWg1T2RrUnM3Y2k5anFuUzU1T1FtUzdTYzR6cmM3cTVBSTdtU2lCcEhzaEdxcDE0b3BzRHZPZTI1U09oYW5vNEJ4UlNFcENUTXRNRUF6SDY3TGFMZjJLUDJyZ2tzeWt2R3lZRmtHNEh0Wjlrdm9xMUZlU1FQYXND0gH8AUFVX3lxTFBPWDJJUGF1cTlMeTIyVHByMGFwNnVZeERoU1pFWWRJV1RMREJHZERSeFZ0bEdzYUpodE5HLTVvaEg3Yk5BT2U1TnEyUXpNTUFkaXJaYldwMTIxU2YxemFFVHdSSkxnYjREOTZyNmZJUHViYUs2RXp6SzRxOVBxdGdCN29oc3NQdldrNlg2b1cwUG5wMDVzeThLZmdlX1RnOHNsUGVvbzB3TVl3aUlUSVhieUVER3RkQmJPUjdBTlh5djdGSm9Zbl9qbnFnc0htY1lSQlRobW5DbDJpM3lxZGpYVHM2NEo4LW9BM2lQcVBoa1BOaWctcndzWF94eQ?oc=5,El Universal
31/01/2026,"Muere subdirector de Protección Civil y su esposa en Naucalpan por intoxicación de gas, investigan posible homicidio",gas,https://news.google.com/rss/articles/CBMiiwJBVV95cUxOSGRJMURDVGROR1A2dFdiN2tXVzBCYlAzeXRyMl9yRnZDUkloUHRrMVBMcWdkYnFqcURHTnRBa1MtTm9BaUQzNW5nNnd0UzlsVXhZZ25vTUwxc2h4OThaM2xESmxNNFpnNWtrMjdjaUJGdHhnX0NiZnBHUEZRSnpuOVZmVHFfbXA4ZDJNQUhENnRrZHR2dlNOTXFUUENxTnhqbVZaazNCWGF5djQ2YWtZbEplX0FxcWxKS0lnMUVBVkg3YnRTOVVDMElkYUF4LVpYV1VJTW00SEtfWHZBMnpsVHppcklDTjYxTS1adkREaDRYbk1zNHhhRTJWcjVpNzhGTUtEWUxlTl9KUlXSAYsCQVVfeXFMTkhkSTFEQ1RkTkdQNnRXYjdrV1cwQmJQM3l0cjJfckZ2Q1JJaFB0azFQTHFnZGJxanFER050QWtTLU5vQWlEMzVuZzZ3dFM5bFV4WWdub01MMXNoeDk4WjNsREpsTTRaZzVrazI3Y2lCRnR4Z19DYmZwR1BGUUp6bjlWZlRxX21wOGQyTUFIRDZ0a2R0dnZTTk1xVFBDcU54am1WWmszQlhheXY0NmFrWWxKZV9BcXFsSktJZzFFQVZIN2J0UzlVQzBJZGFBeC1aWFdVSU1tNEhLX1h2QTJ6bFR6aXJJQ042MU0tWnZERGg0WG5NczR4YUUyVnI1aTc4Rk1LRFlMZU5fSlJV?oc=5,El Heraldo de México
31/01/2026,Las gasolineras de México viven un año clave ante su regulación y tienen un gran problema: el huachicol,gas,https://news.google.com/rss/articles/CBMiogFBVV95cUxOeFdDQUJFYWFTNmw0bngwUUZXWWtFcDlVaTJnbkM5SzJ1RjNHZ0prVkhtZXYwTTBrSmRxRm5KaFR5U1YwN0JMdWoxQ1Q0c3JCQUNUQkpwRDJHMVYzLXY3R3ZyMlIyOEJiS1RnRkJTa0xKZEN2d1oyTWZTTmtSX291aGl4azVwajgtTTkyXzk1LXJrU0hjNHF6eXF2SDZvX3gxWVHSAa8BQVVfeXFMUDBQTC02blRBaFB2eVRiUXQzMUNGSmM4TGNldU9MMjVIYkxlQ1Q2MmZ6OWRZd0R1OFJsWnVrZXBvbkhxWkdYYlNXbE1FdEhVUGtnYzZMWkNYUEk2ckZVUTRBRy1ncGtyRkFpYWx5V2REQjZPQVBUc3dGU0EtMG1CRkg0XzRGSFZwWEE2dGNUeXZKLTVnck9nWlM3VGFMR0hkdGhqQW9hYm1JYkRsUk1Bbw?oc=5,expansion.mx
31/01/2026,"Muere Mujer Tras Explosión por Acumulación de Gas en Guadalupe, Nuevo León",gas,https://news.google.com/rss/articles/CBMi1AFBVV95cUxPbElrREZqdWExN0YtdGE0dEJWLUlqR0hzcGJlWXBmM2VhUHJsZjlDaUR0T3ctdFk1bmltRU1qZWw1MTZNVURSckFiRUh3WkFfYVlQUHpJOHlteDFuTEV3blR2akEyUk9Td2wyYmYtaDNjanY0ZXNBU3BQSTJ5Y2hIOXZtTmd5bmY3WDBUczBPV1JfQVJuQzlRaHRhakxIWno0WDNMb2FnWHN5dEN0ejhINGxNdWJTUVp6T2lwWlctaUh3VExEYjhyUU1jS004aEFMTUNxUA?oc=5,N+
31/01/2026,Protección Civil de Coacalco Confirma que Fuga de Gas ya Fue Controlada,gas,https://news.google.com/rss/articles/CBMizgFBVV95cUxNb0Y1dG5WRUFCdlN2anlEWE1HYmFLWFVRTHI3QjNVbzdpbzRra1drOEE4MzhueWFkOXM3bDNXUm5EVDhpLU94bjVEemdmTHZ4aTU3d0pYeVFQSzdjdWluRUFYMl9ScGctcFJsOV9pZVUxR3duemVBSlc0LVBlU21obFBfclNHNEVSRk5KaEhXQjBsb1RJZFU2TURSak1KUDNSWkdWZm5QbUFXT0s1bFlPeXdTQzZPZDhpNmEtM3l2b1dmUEJISkp4VGNjdEdLZw?oc=5,N+
31/01/2026,Fuga de Gas en Coacalco: Desalojan Familias Tras Perforación de Ducto Subterráneo,gas,https://news.google.com/rss/articles/CBMi1gFBVV95cUxPeTBXb293WVN4djJ2RzJtRmtsLWZCekdLOU4wSGI2N2tuYndLUHY1ZGxMbktQV1U2akJVRTdfWHdWdTd3eGJsVldSYXZtOENDZVQ2YmNYbzI2bWJYTkxnRmdzZnBuTFlpVHZnZ1RJRHZxdnFsRmpmd1R0NG54U0lWbWNaTlB2RFdibGJYNE81MHpGQXAtaEg0SDhjM3F0bTU3Y2QxN1I4MjhrOTFoNnRkN3g3MEJMdVdQQ1ZmenpyODFVRzZiSWRJWDhKaVRaYXdpc0d0Q0dn?oc=5,N+
31/01/2026,¡El mejor momento para llenar el tanque! Así quedó el precio de la gasolina para este sábado 31 de enero 2026,gas,https://news.google.com/rss/articles/CBMimgFBVV95cUxPcmIzMG5ibUZFdEN6WDBSZ0RQbkM2UklnS0pPb2d5MWIwVG9NT3ZSYlRiU05uZmVlUUExVmI5U2p3WXZTU0NfM2hZWU1Cc0pqc010UXFtamc5Uzlmd05MSWxIamVhN0g5MHpSLS1peFJLMjRRZTlGRmpiOHVJM08yZkd4RHg2bEliTTBVZkZvVzhYdEJDSk1IWlFn?oc=5,TV Azteca
31/01/2026,El régimen iraní informó que la explosión ocurrida en un edificio de Bandar Abbas fue “por una fuga de gas”,gas,https://news.google.com/rss/articles/CBMi6AFBVV95cUxOLVV3UTZCUFlYTnpwVS04a2wzWDBqRlo5MDZtV3p5Q1BpcDBqYjgzYXc4dFoxMjJ1dmUyVGtUT3c1b05WbTlUTThjYWRMaHNvMG40TDFISi1YVklXWUJ5LWIwVmlTTVd5aWhWeU55NzZOV21uRzJtUUdteDczaGR6SzVCazYzSFg5MHRqaXg0N2hJOVpTV1Jva0l4SWYwTmNQSk1QMnJ4NVFtSkxpdmxUOUpzZ3RhbHBpbDlNNjFxTW0xTjdqeHBxemZyNndXOVkyNDFKLWdqWDlsZXA4X3RsejdUQ2hZYmV00gGDAkFVX3lxTFBZR2MtREMycmR5aEpDQUk5U1VCeXZHODNZM21rOWRWNnpHcHJIc1F1cWlNRXlGZUxULUhGZXVNbk1LZ3I0VVl6U3FJdmlxdXRLNnVQNG44UG1EWjRFVERtekpvSjFBV1VXR0pPRW9MUWhrVVdGU2FZRUMtWGZEV3cxel91N1Qza29uS1d1Zm9WSWwyaUdfdVpKbDFOYTZ4b3p1eGpiendiVFhGVGxyUjQ3TW5tUVgyUXh5Y2toVFpRQVF3UWtZTnBIRzlvNlZiNjdtZmRXck1lRHluTXNGSGlTYzhjMlEwdlg2c2k1TWlESHR1TVpCMkVEU1psbUJkS1pyYWs?oc=5,Infobae
31/01/2026,Explosión de balón de gas en taller mécanico sacude Chiclayo: hombre muere decapitado y mujer queda gravemente herida,gas,https://news.google.com/rss/articles/CBMi7gFBVV95cUxPLWNLT1l2U19JdmtBci1tQzdDRmV2ZHllSTJzS2M1RFVwRWV3VElDWVpobXVGUEwzaTF1OC1hN3ZuTlp0Wm5ZdDNJY2tnd3NSOWp2ZnlkalpLdU1GU2NyTjQybFRoSEVKSmw2WWpwT2EzdG1ZRnEyVGEtOGd6UHNBMndpc3NLWGtqcHRoRUx5dlByZUlUSmtsOEM3Y3ZMYWFXNUdFUklHV3FkazMyWDRNNjV4X0tmZHpFcTlYc0hSNDVxQlY5alFiTlUyVXIyejF2Q2JhMW92d19zcGRVRmlTX3BWc1BVYzBwWmYtaGJR0gGIAkFVX3lxTE52M2hUT1hES3FMR1pyOGxBUzVIN0JtcjU1NHVDMHQyX1BnYTFTWXAzbWE0UldYVHA4VU1SbjdBcFJoczlyb2E3MkFZbnYtcDJ0UFV2M1ltNU5URWZYUFNpdWUwNWpNbmNIb3laZlRFUl9hcUYyWkJxallwNUlyMVhuRW5FVzRDM1RwWUx2TkhSdDhySnZZaElxMUZpaHh2ZmFqOTlSYzdiZUxyWGdpWmNQTksxNDZ0bkhOZHBsNEd6dUEyWDJtWHB0bWdGdTVvMThNM1ZwNVpWTVE0UlRINlJGY3hvRmljRkZnQWtHN29HbVZkaVZhZlQ2amdfSjMtbnVUbmQ2X3FDVw?oc=5,Infobae
31/01/2026,El déficit comercial de España con Estados Unidos se dispara casi un 50% por el aumento de las importaciones de gas,gas,https://news.google.com/rss/articles/CBMi6wFBVV95cUxQTFlzdjd4SHk1OTR1NEJnOXAwVEExbVhiMnhHa29ldVZnazFwMjREWHp2T2x3aDVSc1pJYy1wTlhKQ0VvclZ6enBkT3JsTVdUX2pZRjlXMFVhenJ2eFdxYkJtclEyUnVERDRkejJJcVNYUzM0UGJTSFZrcS02YkZyRlFiVEN3VDM0STB4TldDUWhIUThCSDNkNXBCQ0I3QmhCcmxmNGZfcW9fZ2EyQWp3YkNOQjh2Ni1TbXIyRFd6cko2ZjhEMVpBMjJLdFdmMTFGdGVqa05HSGpVU3lkLUthNDUyQU5tSFRjb1dZ0gGGAkFVX3lxTE5jLTV4aEpwcVVaQl9odld4RGUwRmVFR29YWDRqYWh6aGZ1bDFKUWpOVGtqbW1LUzR1a1dFQWJWZ2VsajI5d0lQTkJQcGdESG9TMDJsYlZRYlVoUW9wVlY3amplRWVOUW8yZF9hbzM5QVQzcUNQcWxtRmFieGlFREJyanVzY1REc0s0X0VWaEVia0JtZE1wandkcmZnc2FVZ3hOZ0JVU1hDajdrMU1KQnNOQ01KZTY0V0hUX1d0Q2U4WF91Y0NmYml5TWYxMVBjbmZLa1JvMUhHa0lDZTJleEF6X3l0aTJidU43RU8yc0dwUGxUTWZSemRlRE44RlBxWjMwSzk3bnc?oc=5,Infobae
01/02/2026,Trabajos de repavimentación provocan fuga de gas natural en Coacalco,gas,https://news.google.com/rss/articles/CBMi0AFBVV95cUxPSFZaOFkzUkZEQzBMd050MzdUSEtMQnkzN1dOeThQSy12eEoybEZ5ajZObG9DQlhsdzg2YTFqZzFUSFU5b05KaG5PQXNzZXJ1LWpGSlBSNkNqTkRla0xZSnhQOU9lZlhWOHBsRmUtZVYwdzM4M25PRDNhY3E2bUhVUVN0dE1Fc0lZZS1pTE5SMzN1aUc1V3BiTXJoTlNDdW8tVWk2Y3M5UFpwUHh6elJaMHlSX3NDUkJDdDNjeC03OGVWRzlVRGQtb2MwLVFOaWdj?oc=5,El Sol de México
31/01/2026,PC de Coacalco controla fuga de gas tras perforación accidental de tubo; desalojan 60 familias,gas,https://news.google.com/rss/articles/CBMi4AFBVV95cUxOcnlESUdDN2NzNzg2V1lySVdwVUQ2LWo5STZUaVltbTRZcEFlYWNpSlg0RlpRS0xKRFNlbFZxUFVJM2RPckpWcnVxOWdDdzdzaEtJQnBMLWxlVHZMZENFdk1FeHFqX0tBY20zM0FaUm5IQVkzTEFUQ3hLRF9Id1BsUTE2cm1EQlpxNG1YTlllX3NkS1hpTERmUU9odjlHajFVSFBfVDJMRWhUbUZEU3RUTjhEZnlhYmF4TXdueW9rNEtTMFZfTmxMMXVGQTlDQm5seUR4Yzc3aGJKTVNTUFpVZw?oc=5,La Jornada
31/01/2026,Mueren subdirector de Protección Civil de Naucalpan y su esposa por presunta inhalación de gas,gas,https://news.google.com/rss/articles/CBMi4gFBVV95cUxNczdaZldFcEVjODd4T2JvOVZ5UTlzbEc3VEd2a2x3ODZqNnUyRXo3ekc1SktmTmpYZW1WSGcxYXRTUi1QVmdldlJtckFjOFhzZ3NQdlN4M2oycXptQkRjQVpLRXRsMEIzc3VXczcxMFd2WlduZVMtbzA0b3ZxSVFUb1A3Sm1pNTdkREZ2N1lvRWUzZG9IOHVEM3lPYXo1dzM1WW1naUtVbXprSWdmV3JEWnExY1phYUpDbF90VHEzT0FxdnFPU0tJZlA4cHk5d2NmVThYRmlkVng1ZVZXQnlFWm9R?oc=5,La Jornada
31/01/2026,Estos serán los precios del gas LP del 1 al 7 de febrero en Puebla,gas,https://news.google.com/rss/articles/CBMidEFVX3lxTFBwVFpXdmY4Q1RBeVRZLTRfVzRjSGxkU2p4VDMzdl9yV1gwMmlfTWc2T0tKUkU2U21vOXVGXy1QaXYtMHRhd2VLNVk2VmJyb1JMY3pxSmdraDZxZTVkTFQ3SjlieXZFWG1CSzJpd21PTG9wTllU0gF0QVVfeXFMUF94LTBuZi05ZmxiQ1Z0M0hZa3NsQXBLRXBiQmZmTXBPVVZFd2kxZlpfbTVMWE90SHFpa0x6Z2RCY0FQYXpwaWVSanVwY2FoMm9mdzhsS19ETjVuZFlfSm9PTHlXUEpJQXgyWVBKNUdVTGRZNl8?oc=5,MILENIO
31/01/2026,¿Más caro? Aquí los precios del gas LP en Jalisco del 1 al 7 de febrero,gas,https://news.google.com/rss/articles/CBMiiAFBVV95cUxPeE5jRHV4eXBlYmpNQk1SZlptNFNFaVNyWS1fN0J3dUoyMUJaSE9ZbGpQZWR3bWpRc0RmNXJjdTBhM0ZpR1ZSSTA0aHVSQjk3S0twNHhlOC1PRFdURmdQNm1EQTFyWjRwRzRXR0Y3LXRFb09aakRfUy1JMmc4amt4RWtPV0dTQ2ln0gGIAUFVX3lxTE94TmNEdXh5cGViak1CTVJmWm00U0VpU3JZLV83Qnd1SjIxQlpIT1lsalBlZHdtalFzRGY1cmN1MGEzRmlHVlJJMDRodVJCOTdLS3A0eGU4LU9EV1RGZ1A2bURBMXJaNHBHNFdHRjctdEVvT1pqRF9TLUkyZzhqa3hFa09XR1NDaWc?oc=5,MILENIO
31/01/2026,Muere adulta mayor tras explosión por acumulación de gas dentro de casa en Guadalupe,gas,https://news.google.com/rss/articles/CBMilwFBVV95cUxPVDVTeFlPV2xxWnR6TFFfQktSVTF2MDlmVHJwaUhtby1PODE5NXk4OUFkOUpfZW9LbGJSQ2hIcnlUMUJWdWg3RmdQYmtxOW1UNHU1WU4zYU0yX2hYMEpMVU1qSzR3MkpUSko0eEdENU5NQi1CRXdzMl8yemd0eFZOZlNfVEFQSWkwZlhtaERpMnpLQ3FvM2NV0gGXAUFVX3lxTE42QklrNlE4TTEyWTNoRFNQMzBPOVpXQkRmNXhhcEI0dE1ieUpXMng1cktoQU5hWGlTVkZEYkpiNkFPZDU3WFJ5MTBTcENjTHFETXhlMWUyNGhVQzNGX1dOaElVNDQxMDNTQmlQdWVuRlEyWHpndTZkdnMyQ01wV1B6R190aE5uUGc3S0V5dDZoRVlyQktRSUU?oc=5,MILENIO
31/01/2026,¿Cómo tramitar el cambio de placas a Edomex para obtener el subsidio del 100% en impuestos vehiculares? | PASO A PASO,impuesto,https://news.google.com/rss/articles/CBMi_wFBVV95cUxOMWNJQ2NDY1VPeldHVFV6YTRnWnhnYjhXVWVqTWxwYWo3bDNITlN6X2ZsUnNYTVJZY0VfVjRuT0tlSTl6Q1Y4R1dPVW9qSjR5Nkc1NnkxT1FXLVpfU2VlY3UzWGx0dTRuUWp5c3NRU2I4bm5oWDJvbG9ZamRVRnBJSWh2NUwwOV96TnUtbGZ1S2s0ci0wRVBILTAzNGtRbWlWNk02c1lsMkRoWkpGbVpwNDJnU0VQS3h3OUUxaXNkN183QXM5b2NIMnh1LWpRUUZ5STY3Wm90R1RHWF9nREZtYlNmaWk4RW1YSmxtb0dwNERFalRxSmVDRFVpdGFLUlHSAYQCQVVfeXFMUDZDYXIzdlJpei1qYkdGeWoxY3c0Z0xENDdzdHA2QzEtY3EzOXc1Ulk4NUh6V0xTd2tUQzVqTG9NSEZNdHNEWGZBaHB3eDNyUFUxSjBnUVVLUlBFWnRocEtqZFNRUTdoVkxaWlprZFp3TGw0bnpORUtTaGRqeXd0T1RST0U1eElsbGZxUkl0U081Vm5aNVE0cnhJVXBYUE1CRTBCeG51MS15RmFxU3p3Y1g0YTdCQk9ucHo0c3hqenRETUpfQmtsZzhnUExCcGtBQWlqbGJyaEZlREEzWDNJVXZUcl82RUFURTZ0U2plY3RVOEJlakwzbkRWdUIwcXhwLVk0Y2U?oc=5,El Heraldo de México
31/01/2026,Los países bálticos aprueban un área de movilidad militar para facilitar el paso transfronterizo de sus ejércitos,movilidad,https://news.google.com/rss/articles/CBMi-gFBVV95cUxOUUtiQ3U0VHlWTzBaY3NpeTU1Skowemt6aDR1R21iUU5wTlk0ZDNEYjZSeUZ5UVRtaV8ta2RHckJscmFNeWRRM0Y2SG5OVTliY0c1Y0wzTm9zekd2TnBHY0ozRUMtSEFEMmlHZ2k3LUJLR1ljUWN3Z1NaVm1ZRnQ0aHA4R1VWakRPUUt3T1F0dlVfRUFxLXF0eGkwdWNmR0RyeHM1dlFsYjJtQUV4SHdqWHdWVXlKVUdoZGZ0aXhWTWJJWk5YVV9sZmQtRWJOSXIyWmhlS0lBZjE3QUxOQ0pKdlJsUUpWd00yLWN0dWJlc2JObHIwTlJnNzZ30gGUAkFVX3lxTFBCcXM3eTBWLU13SElNT1hFd3VKLTk1NEE5NU91cVZxX0c1N2RodThkb0o1M0hGR2xvaHZiU0taVXpuOVZIVlBsX3pOdlc3UmJkWndrMVcyZzh3ZzBWQzFhQmZ0eWpPeEdIZzJhSmkwRTZfOHRjNDB2MnBuOG9CeVFNNU9WUXR2UFVJUXVhem0wVnBOckpvamxQWFhWa0FwZ29GV0hWaWc2VUdxVVFxd0NWZUlqa00wUjExSWlZRnFQY1hpRGdlbnJVX2JjSFB2cEVPM2NMUnNJXzFPZnc1M0VBbk9hbWFMLWwtZjdLUmRSLVdQZlFlb3p3YkVxZjVyc0V0eTNhOHRJNHp3V2hNUmFoVHp4Yg?oc=5,Infobae
31/01/2026,La electromovilidad despega; la red de carga sigue en tierra,movilidad,https://news.google.com/rss/articles/CBMiiwFBVV95cUxPamtmR0NSaTVZbFg1MldSMm84bzY4WUNBWWZGc2ZQQ1hFOGVFd1hUaThWVnBXeWtJU2picUR6aTg4UTVPbFBvNEtKcW9HWjd2dWFoeWRBdHpCenp6aTdKRlcxcGZfT3JBekVtMjFULXZUQnFwS3l4SlQ0RmdjcTJCZ0NGYjhJZ3dmSDQ00gGLAUFVX3lxTE5CSWhiNlBCbVhzQm9DeWxJVWJZdHYzdGR2eXptcTlUNzNLTzVzYTdCOGV1a0x3ZUFCMHd2b0JNZFJkRXNTaGpiVTBJOFkzRHB6NkZRRXZzdWNmTXp4aEVmOXIySVoxWlVaOHYyMXNyNEhoejRYc1hBaHMzWnhqZXlvQ185RDMzemhJdXM?oc=5,MILENIO
01/02/2026,"Migración, comercio y seguridad: el eje de las llamadas entre Sheinbaum y Trump",seguridad,https://news.google.com/rss/articles/CBMixAFBVV95cUxNeFAtSnpxbnpZT01YUUJ3a3VXVWU0czVSTHM5RGktLW1NWXBXN3hlbHdObmhJY2xPLWJZbjBvVUpIUkVNaWV2VlZ5NHltUWNna1ZUWDF4TTBjLWhQMUtYUnh4QUFIQS01X2YzTUFQWk9qOFNEZ2hFQnp0SXF4QU9vN0taSy1QekRNUUVvSy1mQV9RSlJfTGtSaWhCbmhXSFZJZERrVUNPTk1WR1dnQWxlYm8zQTE5LVlEZFBhUUhPUy14bUtM0gHKAUFVX3lxTE9LZlNqbUxya1Y4RUVkOXV6UTRlY2ljblZvNkFrSWVfUUU0eUpaQlA2NTlYc3BQZVhsV3RjMThxckhPOW11UlRJUERGQlAwZl9CaFpmNTRjUk1qWG5fbzRuV2ZFdFJtenZfSUFNMGktR1FQd09BSTFQb01XNkI3YW8tbWR5WmZIT1FEd0phUVJOVHFUaF90bUhYd0pSSXFESjlYUlFwbXNLQ2pOZEhSblpuZVJhUEphY0VJb1ZteENkdEVGU0hpb2NES3c?oc=5,El Economista
31/01/2026,Anuncia Gobernador de Nuevo León colaboración RapidSOS para reforzar la seguridad rumbo al Mundial,seguridad,https://news.google.com/rss/articles/CBMivgFBVV95cUxNbkpsVWJaUWJhLTg5MG5ORDVKcjFLYmZ4dTQ1eTVxZU1HckU2ZkxYWjVHbENOdXNiWFhZcXY0NzNZUjRqSllHVHJhNll5SjNSQk1PWTRlRThSaW9aMk9oSG42RmVXcVBxMHB5V0gxSk1XRENCYkhWLWc3bS1nVHRUYThYbG1EbmRUMVlsVUhGbHhRQndnSEFaQVBveVBES0k4ckk0bFNKaG5uUjIySjlBY3VRb2sxQjJoVFN2SEFB0gHDAUFVX3lxTE1Ka2NJTUdOeEN6b1hPanU3QnRNdmdpUEJRY3hjcFM2OXBVOXlUQnJHbkdwdDVKTjZZTGR5QzBDMlFyU0ladlpCOUhfZlpMMGJaZWFjRkdxUnEwcVlxNGdqMTU4amk3dDNWakJOcDllYUVPeEhHYVVJWC1WS19ESDcybHA2Zi1lVkhrRGNKYk5EUGo5bnVaNUJQcDRJakhocHJjblNBQU5LbE1DZmxJNVhfWjNOS25jbm4zbjNuV1c0QUp0aw?oc=5,Imagen Radio 90.5
31/01/2026,El miedo en el trabajo es un riesgo de seguridad oculto y ayuda a explicar por qué los peligros no se denuncian,seguridad,https://news.google.com/rss/articles/CBMizwFBVV95cUxPR0VvU3RCVEk3T2ZxV3BqSlN4bjgyNldBaXV6U181Wnp2Z1RfZ1l6blRVc003SkRrdWNURlZLTm5Cd3FBcWhXMzR5Mm9KbzJVV3pIQzdQLW1kZXdtaTExNUxQNW5ub3UwRkNNV3d4bEtBZFhmY0IwUmVvOEhOMlhZZlZhU3dZT3dSQUlzQUlzQkROenM3RmV4U3FOSFpjODJIM0VIMGpieFdwYV93YTJrUnE2QTVlVm9LQmhFYTFJaDFQdmVkSV9ISERkZkxYbjQ?oc=5,Forbes México
31/01/2026,Marina capacita a 34 elementos para detectar amenazas químicas durante el Mundial 2026; buscan mayor seguridad,seguridad,https://news.google.com/rss/articles/CBMi4gFBVV95cUxPLVVoVUR1V3dsdVp4YUVUVF9KU2ZzZVNoUUF0czhBZ0JwSkxuLS1ELUVqS0NqWm11ekdMa1MyVV9DMHp4b25TZVl2bHlnZjZ4a1JHcE1ZV0tlOVcxVU1XemlpSlZJWW9NXzgyaFNnd056QUJPdU5VLUh6ZGpKYzdwVDYwbExGV3c1TmlacHdnRHlkZVdSUHd4X2JlSlZfckptZ0R6ZURVbnowQ1ZGb0JYY2pnMkVBeF9vLVZRZlZobEp3SGU4RV9yNm04STZPUlFieVlnVzhSbkhqZlg3SkI1RVVR0gH2AUFVX3lxTFBzYU5zN0dkZi1yT1ZQQlJRbnJCWXBPU2h2ai1Uc1FCNUthY2YxNk9lYi1aZlRzQk13X0huaHo4bEpzeU1UcWk2U0xHYVFoeFAzbG9WbGlETkVfeFE0Tjd5V3FqbTd3MVpMaUhoeFFqeUc3YTdUWmN4a011dzJnRFBobDdWOVpKeHU3TFdRcGJVNFVEZXoxUUt6N2FEWFVkbVZ6NHZPdjBJdGJ6RW0zVF9QbEtIQXVZQ2ZRUHFPMUtSS2FqMGxCdzNLLVNKVnVKUEtDdkc3bkU2RTBkM0dUMmxuZVFFbDRBcTJYa3ZkN09NOXpUM1BPdw?oc=5,El Universal
31/01/2026,"Embajada de EU en Haití emite alerta de seguridad por ""intensos tiroteos"" en Puerto Príncipe",seguridad,https://news.google.com/rss/articles/CBMi_wFBVV95cUxORmxsMjA2YzRRdmlWQUxPNll0VnVOYU9pU01fakFqWEpPTWtlOENnVHhrVVBYRUZQVklUeFdHR2NUeWlkT3FvU3Mtb2JzR3pEcllXajRGakVDMDh6NGg1U3ZFQVdnNmw4T1RKT1lhVk1oYXJtV0JqXzJCbkxvbU51T3JEeGRPTXNiVHpiY0dlTFc0Snc0NF9KbjhEVnZxaG94c01sMGhzNVd4TVRaUFNoLXYzR0xoelZKRWNJaFlmM3M3ck1YaG1zME82dWRDUGZaOHY2U1hZX29MOGRtejc2cEZyNi1zRGNBdjIwVmsxcE5LQmV6dnpvVGF4dEtVRFnSAZMCQVVfeXFMT252djdXTE0ybVdIZGRNRWhGWm9KU3JuTF9YMnd5bGVqem9pMlZlcS0yRFZLS1Q2a1V3Rm5qNzV0T1FRYXBJZXJsQ3VHOFdta1dqQzdfMzgwUFVvdFVLNm5semJsdGlvVlB3ekhtbThFOVdwMy1IckpPVmJMNGZzX2J0UEV5TXZjNDVDMDRGdWlpRWNBYm9rN1YxaTRNLVpMajZlaDg4dTBOa2drdzhRZWJBdEhDV2hPUHdSODlLRmR4ZlBMbjlUa1I3ZUE1VjhRNnp3V3k4QUpRRzBlM0xKWW9zLW5kM29ueVJycjVfMlhyNkJpWVl1bk9OeEMxb2FDNFB0bzBPc0hPRTBrUEpjczR2TjQ?oc=5,El Universal
31/01/2026,Refuerzan seguridad y controles en frontera de Chiapas ante el estado de sitio de Guatemala,seguridad,https://news.google.com/rss/articles/CBMi0wFBVV95cUxPRWcySWstQ1l0RlVTcUtZN3VwRGFOWTBKWkV6YlAzZnZqYnEySmhHdUdyc1lSZ0RXTDdUcGtVbXFmbkpUTmpGWmpnSWpZS0N1Tm9QeDR1YTYtbmNiYndKTE1ueDY5MGdUZ0RuTXF5QW16UmR6WnUta1BVaEROT3JBUm1fUGQ1aEN5dFItRm5KOU45NU1iTk1PLTVFSW9fVVpJN1cyaTZjVXlQWGY5MEpEb0hWUEVublJUOGVsOTViQTI0T0Fwb3VKS21BN3EwTTdUNWNR0gHTAUFVX3lxTE9FZzJJay1DWXRGVVNxS1k3dXBEYU5ZMEpaRXpiUDNmdmpicTJKaEd1R3JzWVJnRFdMN1Rwa1VtcWZuSlROakZaamdJallLQ3VOb1B4NHVhNi1uY2Jid0pMTW54NjkwZ1RnRG5NcXlBbXpSZHpadS1rUFVoRE5PckFSbV9QZDVoQ3l0Ui1Gbko5Tjk1TWJOTU8tNUVJb19VWkk3VzJpNmNVeVBYZjkwSkRvSFZQRW5uUlQ4ZWw5NWJBMjRPQXBvdUpLbUE3cTBNN1Q1Y1E?oc=5,LatinUS
31/01/2026,C4 Norte de Monterrey toma forma: obra alcanza 31% y promete reforzar la seguridad,seguridad,https://news.google.com/rss/articles/CBMi2AFBVV95cUxNZEFmbFNmR0VneXJYVmhOVEJRQVN1S3hjQkdkRnplb0RIZWxXXzlLX0VOdXFRSDRDTzhyX0hiU1I0MmhmR0NlVnFsOGYzMlNlU2tEVFdmMVdsb2t5V09lQjduMUd5Y1R0VGRSZUdMMy1UTnhsSW83S1FFX0ZCbkM1MWxzTjJuV3dHWmxnMExmczktSmt1aExWWTROdW5jSlZ6R01ySWt4VUl2eHlCeE9QQnJsYWRScFk3aU14a2tNZzQyYTVrd1puWFB1VHBQeERMTEwxZHRxbW_SAd4BQVVfeXFMTm04ZTJDUEtGSEtvTW5wZU9oOGlQR1BMRHFGcDlwY3BwYjB0SGVOZ1FyZW9TRXlJb1hSV1pfYzdnRDhXOFJDMm5DQzQ0VzRqZEJWWEhld2l6ZTJQUDA0cTQyRHBYSlNEdERSTEZ4ZmNjQmh4U3ZNNmc4ZjJ2SWFkTmNaU1F0OHprVjJvWU1iSXRoN0tFQ3dyU2VON1pSSDBlYUd0dzNhUkhhSkNKcjYxOTVIN05YQzRXc0VvalBVQm1DakpzYVRWbGo1aEhMX21MS3RUNk9ta3JVelJTSXl3?oc=5,Radio Fórmula
31/01/2026,El infinito problema de seguridad para niños en Roblox: lo que deben saber los padres,seguridad,https://news.google.com/rss/articles/CBMixwFBVV95cUxNdHVkNm4wZE5fU09MRmZ1azBud1V3NjQyQmRQWTJhNTN1aGF5c1FJeVRYZzBfRXdQM0ZHSlY0dDdWbHdaV3o4UnMySzlhZzNrWERtakpLd081OVVrWHA2am1oa212WEpKajFiRkxLOUdjV1p5cEV2dG1DLVRzZ3lkZEZ3b29ldURtRGpNU1E4Q2VhVlhrZHJhZTVSMXBBMmxwZ2NzY1NGeHRaYndkaXMxcFRKV242cnEyRHRVNUxySlV3OVIyRTdF?oc=5,UnoTV
31/01/2026,Llamada Marco Rubio–Juan Ramón de la Fuente por seguridad regional,seguridad,https://news.google.com/rss/articles/CBMinwFBVV95cUxQd25EVHVUS1NXNnBVcEo1YTV2VzVYQmdZLWstMDBvd2Q4X1dKVTNvaFViR0g0Z0Q2bTFvazFZLVBraFlRRUd4UndRMU5UZ1hRajNaM2xPbDQyOGhyZEtmeDVsZUhFNWV4cnFRaF9oVWtFYm5zaUVfX3NfS01CY0U5UHJBRHFRdGRNZjBQbWpvUEtWdGQ4c2daWGpjMF91MHc?oc=5,UnoTV
31/01/2026,Violación en Miramar: intensa búsqueda del sospechoso y las cámaras de seguridad clave que analiza la Justicia,seguridad,https://news.google.com/rss/articles/CBMi-AFBVV95cUxNenhkZXRoX2VtMjRCQ19lZW10YlZLVFBxc3JHS0FlYWMtd3ZPSnl2UzRyWE0zVExzZTQxLUQxSEN5WEplNGltZEhJeUJfcnV4QllBZEJZY0lYalFpM1dFV25TbGFKdm1vUVVIRFoweDUzeHpCc1JfSmhwTk9tS2hvRlA1bkR3NU92N2Z5ZmlsNWdITjU3WUg2cHd4b2Y3R2YxMkZkZ3hFYkVCcy1mOFZZSklOQ1Q5dmNQVjVfLXpyYjhxOWU3aU1EejdRLWZGbUpFOGVYZXh0WGR5bm5QeDNvUkVBY1lDN2ZjeF9raVBEMnpTNU9CM092RtIBkwJBVV95cUxOUWQ3VFdIVnZmS0pDaEkwRHk3U3NqUjl0YzZoUnJta0ZwZHM3U3h3ZURtNElFbHVVSGd1WnlsX05oMEtNeTZobjNfYVl4ajhTQkFvbFJ4V0tIVVlabHBLY014VGkzb1VaSU92WTM2RnRxbEk0RVkxeXlHQXpjSDRMazhGanIzcU9STFUzMVdhU2xpUDNYN1RQUU9qZEp0RFZfbzZLWHRXYUc2ejBrSzFsRXBMV3AxaDVWV19Sczg1aURSRjZDalNid3dHLVB5bF9YOUNwN0pYY2h4aU8waDBxajNjQWluc2RrNU8yS0psVGc4X0NQUk9lSXF3ZW0yWms0SXZIdkNZNExHdWhfX3cyd3h5aw?oc=5,Infobae
31/01/2026,"El régimen de Irán volvió a desafiar a EEUU: “Si comete un error, pondrá en riesgo su propia seguridad”",seguridad,https://news.google.com/rss/articles/CBMi4wFBVV95cUxONzJNRkRaTTRfLTVlbnVHbGJpSXVOdktlb3dJeFZWeXVYV2hXOEI3MGxWTXM1bHJDMHR2YUJ3d21NNDJSY0JwZFQ1dFdwM0ZnVXU0UkVBSlJRdkMtTkVvVTg3cE9XOVV6Zmk2U3lmb0luMHN6ZE1OMmRTTTI4RHduWVpublltb2c3VWJCd0lRSV9LTmlXdnd6TEliLUtOTWdWb0tucXYwcDZsdVhfRmNCQU1jenFmZEdqcXctNk15Rjlya2dFWXQ1Q2JLZ2xsSzAwUnBlNnVtSERQSlRfLXk1ZTE5MNIB_gFBVV95cUxOcEdtVXJkREJmMTJuaEN6ZzFZMlJQa3htdVExYU9kelB1NkJlcG80OUhwRjBwUTc2dzQxemQwRllsM2tOWlpIMmhJM2xuNmwycmR5bUk2Z3BzcnNELVg0dTZUVWNjRHhVVkpxa3RDa3dDRUJvVno1NExVRkNncDcwNlNzbDB1OS1aVnlyZmd0SGZRSVQ2VjItSDJZVjE3NllRcmtQaDVUOEg1U3hnaUFDWEFhbjl4Y0VxMjhmX1FTTmtha0o2NGhSaDJvSHJTanBLZmYtUjUwS0UwazBqTVE0cDZGR0p0VlN0TVdGVEkxTU9VenFNNk1VdWIzaVFJZw?oc=5,Infobae
31/01/2026,Jefe de seguridad de Hidrandina desató balacera y se quitó la vida tras ser despedido: reportan tres heridos,seguridad,https://news.google.com/rss/articles/CBMi6wFBVV95cUxPRTZPVGFWTmFIR3VwVmRJeksyVm93MmNVYjFKNkZvN3duQmtFbjh3Sk8tTi05d2l5cHAxWHNuRFd5TzZCYkZVRDdmM1YxU2xOM1llZ2pscU9Gd1pGR19OVHp6SXh4ZUZQemNVT1gySWFSYlIwZndkcDRiWk1KakpTZy1tUW9NZ2ZFNEVNVll6TnFRbi1uR2FCNFRXX0NUdVBfcmE1NEZPNm5yRkdxT21ZbEdVNVVkX1o2ek5oS2VqR1NQRXdUeDhFUTB2c2Z2VmowS2I4UG1hNEdfd3U4dk5NR0czVENEQUpKSXVv0gGGAkFVX3lxTE81Mmlyck43YW5MeTgwVHc0dGRDODRwTGJCcFcxdi1CLVV1RkNBRWhINERJUEhVeVFJNXJZWXBEZVBOdnQtODF1SHM4MmI4eDZzcENLUDU5VWtvVlBRRlhLLVF5Zk5lc01lZkFDZTNodEE3RFR6TlAxVjczQTA1TGtaRnNveFpqZjRFcTFNMUZOSTdCRGFiQl9WTi1uZjVrYXJMY0k1TG9qMURDa0dfRkoyZVB4VE9PaVJGOUc2OXVDVS1EdFl5X2t4STVCeHFYWjRaakYzRGRfZGswbS1oREc0SnU1RzkyWWxDRHRfdHZFcUVWOUJ0WWtBNkZkYTFWZk1nRXJtbnc?oc=5,Infobae
31/01/2026,"""La guerra en Ucrania sigue siendo la mayor amenaza mundial para la seguridad nuclear"", advierte el OIEA",seguridad,https://news.google.com/rss/articles/CBMi6gFBVV95cUxNeFc1QXVsWEVhRlRhUDhpM3gyLXkwZVYyREl6Tk94TGNrRnlyaUVkdzJqRC1UNGZqOW5jal8zVFhnNl9fbFo1QjZ1T0luQ1lEOGp1N2hfRlFJanFDOGFtMmRwR2IxWjJBT1BpWTVsQmlLTVgxYTJCRUJtS2FnMzV2VU81VklJblJYeUJnTllJaFZNQmNtdlQxZTJodDB5V3RUZ3NrTXNWVWlMZ1N6SEZ1Q2RNdkNZZFNvemhIVXcwVEh4c3pab01RNnExYmIxT2Y0b3FBMDJwVlRjSmNYOTRIazA4eGl6U3dHbmfSAYQCQVVfeXFMUGppSEJlN1NOa2JQLVlQdzdqVkZQNmpmdTdDNURXYl84RmQ2MmF2RmpRZFNBSHVpd0NBYWlOb2hSb0tOem5iNmNCQmQtUnZZV2V6YXNLNEtVOHNRcTNQNXd4MTRadnVqNnJZdkphVkpVVFhEQkxPbzI1MWdQWjhhLWNrTDNldlF5Rl84VkFMblJ6MXJNTkpOamdpRW8zdGlZNFh4U2dWcmMwX1I1WnFXR0pmZnh6QkpqUXRnM1JmVl9ISW9nbUNOdUFldWpuYlh4blNsNkFLX1pSbGY0RXNEcXg5d2N3YnAxMllIc2FEd0hXRUhmOHhDVHZ5OXNSSHR0TzVhV2E?oc=5,Infobae
31/01/2026,Federico Gutiérrez denunció que grupos delincuenciales de Medellín prestan seguridad y logística a capos de bandas criminales a nivel internacional,seguridad,https://news.google.com/rss/articles/CBMinAJBVV95cUxPSWZMb0QybjdWR3Z2bmViMmQ3LVdIUlg0MEdBUDZKQzRyeXp6M1JiTTNUSk92MDBYSVJGZXpCVlI3Qno4YVFEVGtsOHo1NlpBeXhabXlOd0dlMkthbWJURGNrZE5lUWZBRmNRNnROcDYyRkdYcEYwX3IySk00amZ6NG80MXM0V0lKNFFsd2NvUndzMy1nWjhyMHFtOHhiV21jR3JJYjlkMVp4VlRGeXhuQTA4SE55cHRlWFRHVHQ3SkZrejY2dHFTSFNJYVgyTTVuSDU0azRBODZhR2JaclhvczZ4VEJzdjZkdzZMMzMxWFNOTTFyaG5DZlNKV21SaDUwSnd4VVJiaHR3OUZnZThYZk96cmxjZW9oWktBb9IBtwJBVV95cUxNY2FPSW1CclpjU1djYXdPODBVVlI0UWQtcVpMeTdXMmlMRGZwXzlFcmFDOEpUUXlMNlFoTGJqM1BVTFd3RmEzM0c5Tk1maFNQMXhOSnJhNEFsM0UtVWZqa1cxd2VZODRxbUFIS08tZFZJaG9FbTk4dUxhRzZZSE5PdXlvRjRES3pUZ2tFeDA2MjluUnFwVG9WaFZKUXhhOGxqZ01UTWZtTDlCeldBQVM2bzRqS083Nmtkd0h4WU9NRXZZOXQzT055aGpqVlBvVWhsOXV1YlhXSEoxcS1sbVVySWdOR0h4T1h1OXRycTkzblZPb2lBVGVBNFF3RXhwdlNCVGxZd2ZvNmZDQkw0S0gwRV9wOC0zMUNrV1YtUjBzemNQdEg0aVFaXzJxdlk4RnotQXU2ZlhWSQ?oc=5,Infobae
31/01/2026,Hablan Rubio y De la Fuente sobre prioridades compartidas y seguridad regional,seguridad,https://news.google.com/rss/articles/CBMixgFBVV95cUxQbDRvYnotcFhTUjVaek5WSnllWFV0di1wbDJSZWhlbUt1YzduT2dNR0FIeUJGdzQ1OGNSNzNDTnlrOFJGcW44ZTg3bTBWekVuaVkwbTlwQngxUWM2THRCZGE2dFZjTHdBLTZzS0t1Xzg4RE1Lcy1tMEk5dVhvOXpsN1lyWUUxNGYydDlTTFZDcG40ck1ja0RDbHhBS3dQR3BpMmd4eDVJWThycmkwQ2U4SWV2eWhzRGktdVdhU28zVl83a0pEZnc?oc=5,El Sol de México
31/01/2026,Piden más seguridad durante la búsqueda de personas desaparecidas en SLP,seguridad,https://news.google.com/rss/articles/CBMivgFBVV95cUxPaUhxRldiZlhOWHoyNlVYNUowQUE4cmV6N3BfNGRoNjJTN1lzSHBfbk1EVmROb1lJV0EtaTlJSURvNjg0bEhJczFmdnNxR01BSm9CbVBCbHhfdjBmVEJwTFZwMTR6V0k5SF9UM1EyQU1rSXpSYXNkRUF4Y2JXdGV0WHJVYVl3bEdDQ2VHd3lUWm44bWw5SXhjamtLa204YlZmMHJPc1NpR3Q0NjBtR1VFZ3BRVTZtUE1LT3poaTBn?oc=5,El Sol de México
31/01/2026,Secretaría de Seguridad Pública de Pachuca despliega operativo Águila,seguridad,https://news.google.com/rss/articles/CBMiugFBVV95cUxOMFBnTzZpTEQ1U010UDVHYnFzWmhtc08wdjJ1VU9teFdIQ3RTU2k3UW90QUZnM21jUXJ2OExsZEVoMl81R0pmYWNabU1NdGJ4YTJDbmZvY2RKNllyUW11bVo3SjE5c24xdzJxbU5pVXRUQXdER2k2YWQySjl2ejhjdjg5SGdDTExnanZCMXRISUJva3d2UWVwMFRQbmpDWF9oR2VBdWw1TFY1QXNyYWlwajJfQjVkdnlpNXc?oc=5,El Sol de México
31/01/2026,Universidad de la Academia Metropolitana de Seguridad: 188 elementos se profesionalizan en Derecho y Ciberseguridad,seguridad,https://news.google.com/rss/articles/CBMi0AFBVV95cUxNREtpZHlxR1Y4NHdCV1ZUX05pTFZ0WVUxSXlsWWRoa0Q1MHlWODFtOGotTVk5cWhLZHF1TVpjRGZ2NUVzR2NlSXlPUGk0VTdwdmlLUUJNcW50dUdnLTkwcl9VaExoZHBjVG1HX3BESFAzUmM1bW55VXVOdVU2S1BfY3pZRlpaR3hqb2JSaGtjMnpPU0VRVC11RHB6RlVrOWZkX1BEakxldktETUZaTXdWMWRCYWZobzVWbkxmTGRKcW5wVUhrMjY1SzJzMFNSMDAz?oc=5,El Sol de México
01/02/2026,"Congreso del Edomex fija como prioridad transparencia, seguridad y reforma electoral",seguridad,https://news.google.com/rss/articles/CBMi1AFBVV95cUxQLXZrVlZvRy0xd1FjUDFHOGNRNF9tbmUtS2F5OFhZT0ZBM0RraU5OV2pUeGM2T1ZqR1BweFFScWthTU8xXzJ6UkpISDNCdjFodGFTRk5YczM4QlFUV2tsNnlIVWVBbnlIQ3pDcDNRZXV1b3ZLTmxBcG9CQUdYLS1nVTdEWElSUEhhRWJYSjEteG9RY2w5SWZQbmg0T01EZkZNMGNJZDc5a1kyUjNpWXVvU1JNRkRkTkhLQm1Pbnl6U2RqdXBHdkE2eHJZaUl0cmlWZGt2Nw?oc=5,El Sol de México
31/01/2026,Marco Rubio y Juan Ramón de la Fuente hablan sobre agenda en común y seguridad regional,seguridad,https://news.google.com/rss/articles/CBMi2AFBVV95cUxQOU9sY1NKdXd2M2NKMWJINnpxS3RBRElQeUtOQVliNFY4VUlFZkcyT0UzVjdvemRrUkxmZDZZUm41bGxqdkdTTXo3djA1eDhyU0hUOElXTFlQVDZKQTNZZkZ4bW5nRDBVMTZia0NXTThjYmVadjVoMmdHRUptMExQU2RpOVBUcE5kU3U3UFRPN0FUN1djQXRmOXR1ZmhDb1lVZzFHdFRNSndDeUdNRmpyYXo2cmlrYTREQ3p2UzNfX1NBb3NXZTh5Qjg5YlRFbDRaZ1p6Yk9aYlnSAdgBQVVfeXFMUDlPbGNTSnV3djNjSjFiSDZ6cUt0QURJUHlLTkFZYjRWOFVJRWZHMk9FM1Y3b3pka1JMZmQ2WVJuNWxsanZHU016N3YwNXg4clNIVDhJV0xZUFQ2SkEzWWZGeG1uZ0QwVTE2YmtDV004Y2JlWnY1aDJnR0VKbTBMUFNkaTlQVHBOZFN1N1BUTzdBVDdXY0F0Zjl0dWZoQ29ZVWcxR3RUTUp3Q3lHTUZqcmF6NnJpa2E0REN6dlMzX19TQW9zV2U4eUI4OWJURWw0WmdaemJPWmJZ?oc=5,Proceso
31/01/2026,Julia Abarca: “Los empleados valoran cada vez más contar con herramientas que les aporten seguridad y reduzcan la incertidumbre”,seguridad,https://news.google.com/rss/articles/CBMilAJBVV95cUxQUUwzankwbmFncWJPd1RrZXVrbW5oZ01qSGpzdjFMemNYR2c4WU9kQ0tvU1lMYV9UUTFVdjJ4QUhfYkN0bnFUeVNFZ0RQbk1oYjVCb1dTTHlydnhkSWRpT1I5R1lnRlMxemlabXprOXppYUtZM0U0Z1BGSXdGOUZrZl83TnA1TWt5ZldzR0NTYWZXX0N6OFJBNDN3TDVwUTN2VjQtam94N0RNQ0xQMFBobUttYmVid0dVUTFLZGdzNjJ5cTJPUU80SVVRVnNwOFRLOHZjM2hzUm1NNTB0Q3dyZUZNTXlLT3lnMHF5cXlKMUF0RzBXc0lEVGRZTDdwY25aWkdnN21KZ3h4SDJyU29SM1MyVGHSAagCQVVfeXFMTzhaX2hCRHlsd01HMWpXamc4cml1NDk2Qi04ak9DOFMwWFVqbEtsLWNfTE5ZeHY5ZzBLbjh3N1lHLThKZ2VzQmltLTJXV1ZfdjdGdVFlUGNzSjJYX1FTYTk2MG1YcHBPR1pMN1pSZVc4eWkzbjU0WTZJVzlWRF96cFBTMThCTk1HMS01Z2tBSVctODNhRE9TeVN3dUJYQ3M3SjJQeWdpaGdCYUljdzVSTjBjQXd6Qkt2NHRNS3p6ZC1icmI3aWxRMmxUZmZEbU1BU3JPLWZBSEVUSTdRZC00WUZiS3JTUGt0Q3ZnVE9ERzBZUUdwWXQ3MFdCVU1mSDF2NW1razdLN0t2cmwwQkRULXlNLW9ybk9UTWtuaExMTUJZbGNOcy1ORmQ?oc=5,EL PAÍS
31/01/2026,Nuevo León integra RapidSOS a su C5 para reforzar la seguridad rumbo al Mundial 2026,seguridad,https://news.google.com/rss/articles/CBMi1gFBVV95cUxNYTJQWUVPa3g2RzN4aGY4MUh0ajYxZS1Dd0R6Q0NsR05UaExYTWlPbjc0UWsxQUs5cGh6ZWRjLXZQM19lZktrQlozcWFpVHRYSi1Lc2UxdTZ5ZzhXTzdIeFJSLXJyNjlKUWVGNW94bEl4RGYyeTNxSFFLa3A0M01HZ2ZGWHFWWGtJZUpYN2ZHMlRrMHJ4bGIzQjVTLXdXYVNHYXZCWjNlNlZMcllYUkFnd2ZZWjYzNWpOaENTNV9tLTdMbzRrYklJWDU2QlhZbldJU2NzZXpn0gHWAUFVX3lxTE1hMlBZRU9reDZHM3hoZjgxSHRqNjFlLUN3RHpDQ2xHTlRoTFhNaU9uNzRRazFBSzlwaHplZGMtdlAzX2VmS2tCWjNxYWlUdFhKLUtzZTF1NnlnOFdPN0h4UlItcnI2OUpRZUY1b3hsSXhEZjJ5M3FIUUtrcDQzTUdnZkZYcVZYa0llSlg3ZkcyVGswcnhsYjNCNVMtd1dhU0dhdkJaM2U2VkxyWVhSQWd3ZllaNjM1ak5oQ1M1X20tN0xvNGtiSUlYNTZCWFluV0lTY3Nlemc?oc=5,MVS Noticias
31/01/2026,Aprueba Senado de EU financiamiento del gobierno y prórroga temporal para Seguridad Nacional,seguridad,https://news.google.com/rss/articles/CBMi4AFBVV95cUxNNjlscm5UYkxwZHJMbjBmOGZYVGljOWJyb0F2bzVFT2pnUU5tVE1PWVlLVHQ4VkxHUFBaVXRVTW1xaDNreVRhbk5CeEVTV0xNbU5kVmZPTE5DX1Y4TEVvaFkwRHhfMDlkVnpGUFlzNVlvNE5wS2wzWFluSW9wVGhuVnNraUhJRWxabVVHS0JRc1RQeEpMbTFhM0tGXzBHWGotMHlmTEdoYWUtWXpNYjZHcFpsd05vcjJ4T0F4cF9FZ2Y1ajB0YUcwN05tYl81YUtkUUdTQmRoSEpHcFV1QlNDcQ?oc=5,La Jornada
31/01/2026,La inseguridad que no cabe en una mañanera,seguridad,https://news.google.com/rss/articles/CBMiqwFBVV95cUxPWkVlalpGTWhxZk9RZEVmWkJ0eWtBZXJIQm9zSWxTMDFtdGVmZlNpWXZUdGpwWFBYZzN2OVNHZEhpbVNvb0VzQVdVRDRsLTFwa0hxVmJfcDFjbXZsaEpqYUNhMVRoYm5raENYSUlZbHB1LTRod19nc1BHQTd6T0RpUzVoNjVmTkVCZFo2OEljU3pnMTEwUFlUSXNFYU5mZHVIWF9Qd0pIeG9VZHPSAasBQVVfeXFMT0VOYUdTWDk1OUpEN2dFcnFTMFRuVjNEZ2wzeXl5SWlCbVBMd3dWVjdCampwTm5odUROdHZyQXdVQ0drZzFtbFhVVmtDSW5NUFVzZm1BQnYtWXBVeW4xWDhBTmFUVnVJUXNEVnhrVnItUWxhR0VjSFd3ZVB2UUgycGI5VkRJQ1hIQnNpZ002MFhBZVEwTkIzRzNzRmdvUzlRYkVhNU5oQkYzY29N?oc=5,MILENIO
31/01/2026,Nuevo León colabora con RapidSOS para seguridad del Mundial,seguridad,https://news.google.com/rss/articles/CBMilwFBVV95cUxPNmhXRko4LW5ocVJFZ0MwTXRCaVZMRl9aUjNTdDBvcDNoenFlbE8yeGNxWDlwSEI2YjV3aWlhdjVEUjRYMEYwbzNqN29ielN5NW5HRnNNMEQwNnRnR3F6Y2FFcEpadThlQmQxcVFHZlRscWVsVV9QWTRJSVI0bUYtZTZCN2dydTBXb290U3BKWVc1V2VJRVk00gGXAUFVX3lxTFBxQkNBZEhTOTI1TDNweGhZWGZQZDJEbXRMSG1JTU9hU1BYWWllNUo3RG81N0V3Nm1ucDdHeURHS1IzemJHd2JWZVExQV9DVTBtZUxULUxBM0lGMG1zRHhZLWp6cTRKLVFwellaNDZleENtbmFCZXIwc2REb1ZsS2pFRFJsUURKY3NiZWZyVUM0VDFpTV8yb1E?oc=5,MILENIO
31/01/2026,Operativo de seguridad Cancún desarticulan grupo criminal Sinaloa,seguridad,https://news.google.com/rss/articles/CBMimwFBVV95cUxOQ2xrMzFCYkFwTTVsaHVJNnQtcjI5MHRNWDlUdTNnejlVN0VENWhXWk53TTcxZWxUZGlRSnBSQmNPWndiRkVXQk5aSXk3V3R3UEZ6XzROV25FZmpFQnFrWmpPdHBtYXRQU2l6Tm1VX3MtOTVLNWY2U0QzcWk2YkxVX0NLc0tnNktaX2VNVkU1MkhMNG4tODlva0p1SdIBmwFBVV95cUxNaVY0YldlOHhETTVKa3RJYVBiT1dzWVJjV1UxUDdfX1VKQXhLT1owbk5wM0VhNWVrM3V3LXBEeVRIODA1VjZOeHY2dFRXcUpHV1hfNHNMSEFfeXNVa0s2blN6b2RiVmt0Z2lqWFpzY2NYMG1SU09ROGFUWC1tYU9vMHRqbW5RYzR6LTlNbDhoQ2ZZbFdSNWY2anZTUQ?oc=5,MILENIO
31/01/2026,Serie del Caribe 2026: Alistan operativo de seguridad en Zapopan,seguridad,https://news.google.com/rss/articles/CBMitwFBVV95cUxORlZJVFBJb21WVnNFQ0dfcU9hU0FwV0F3NjhEVWF2UTF6X1g0UWpxRzRqU0g4UjRZYllLTnZpdFFodUU4aV96ODEtQWk4NGU5aGhQU3VrQ3JkX2VWU21iWGNOTHUtNjI5dElGMHFnSHRjQ3J0dV9INFgtV0w2R3hvUjJTQVExN2xhTTUyTXNNbS0wanRRVTNrRF9BTUUyanlLMWtEOVJ5WDJmUGxxRlFHNlRqdjVaRVXSAbwBQVVfeXFMTjBoVnFPWElqRWotUDR0WjRNWlh3ZWVqUkhBWllkeE16NGlKTElXUjdlT0F0c0wwVmVDWkpXckxiR3RYM2VGOHFURFRpTGtnYUMxeVNLVWNUQkxzclhCY0ljSmJNSFlCLTFvV2J2VXdoSE40RHhqbWg2YlpnRExyVC1QTW9wdzhtUmI4bFlfS053Z0x2bDVLLS1YQ0ZvTmtMZUFtemRIbWdfVjc5NFFRT0tydVl0TGJfcjdpckM?oc=5,El Informador
31/01/2026,Seguridad en Jalisco: Policía de Guadalajara detiene a diez personas por portación de armas en cuatro colonias distintas,seguridad,https://news.google.com/rss/articles/CBMiggJBVV95cUxPLWhuUm91Q3VmS19IeURnYVVobUlSQnA0ZmhwcGJaT0dnek5WaU5QRnpGOHNjVXJiOWtfOUlqXzBqYmhZR0IwdXN1UFhuc0ZIOUlTdW02RVlKLUZ4NWF1X2FacGJtZWpZNzRkSjRJMVRxSHdrdXZDaXJHM1MzS2NwNVNiMUJydG1xb0VucDNCdjVpZGQ1NHNVMVRlTUlHajRIX3BwVDhiOXFFNmNycDR4LTExUmV6RUI0VnAwRWdNT1htcmZBYlNtY01KYThFY3hsYVlGRDFFeWNBWXZucFJZNF90dElMNEJGZEd5cGZNZlRMVFpDVWVjcTdaUkprWTdOTWfSAYcCQVVfeXFMT21rUWMzS09oeXVRc2xJYVM1YzVZQTFsWC1OcUt3dVAyZUxsY1VLY1hqc21RUEw5ZkNFRm1TaGE4SkROdUpfbTlYT2FqSkRucG1sZkJOTFBRenVGemVLUmxVQmlQX1VCWkpUQXd5cTBpTFc5MTljUkpLZ05mTGNYbUtZbDBybEZzbXliUXVXSjdxbXlidW9qTW1wS0MwYUlKSmpObmtSdWlHbzJWcHJRS0hKbERyMnk4TkhDNDdqN1RiZ3pyb1MwN29yYUhGQzVudXhSNHdMSG1qYXBvQnV3Rkg5bDdxcTQ2UnVrRTloX0RNLWxlZk83NDdiMUdpVmc3WGJwU1dDRm8?oc=5,El Informador
31/01/2026,México refuerza seguridad y controles en la frontera ante estado de sitio en Guatemala,seguridad,https://news.google.com/rss/articles/CBMi1AFBVV95cUxQZUswVlNTRE1FT1JkMGpKREEwT2xoem1Pb0piYkhpZ0tTQ1F6dlpUUFJHRmpEelN2UDBLbjFXWjFheGtfZGRpdEwxemQ1SEYyaXBXdTNRZWVKQ2x0T3lHcnVFYU1LaU00eEJpQWZUVzFVbG95dFk1cV81MEJyeHJUNHAwb21BaEZmMlhCTVh0QmJGMGFKRkxla3hMRjRNNlh6LVJ5ZHJjdWxtbGtEdWF5VUNiV0ZNbFBPRk1tYm93Q2Z5Y2RaWTMxcDVYaU5PMjE4eFhQd9IB2gFBVV95cUxOei1YOTdOcnRaVlhYcEVHLTJKUy0xMkZKbzd5TUNnRXJHb2tLdGc2eXZUSURLZTlidDUzY1VjM2Jyc2dKT2ZZZGs2bEFVcnlQS1ZsVDlfd2NkNzI0NEFRTHFtWThaUmJ2Z2VjZVlOQnNNWF81VG56dDI3M1o0Sm9KN1luOXdET25IeVlyUldoR0NoNkZFcmkzaTJ1X205QkE1VExJS2VaSHcwcTBfUTJxM0ZMQl9CeWpUMkwxd2lzaWRHX3RwTGhHRW5ZdGNOcmdZYXphTkxuYk5ZZw?oc=5,El Informador
31/01/2026,"Sheinbaum alerta de que los aranceles de Trump pueden crear una ""crisis humanitaria de gran alcance"" en Cuba",agenda nacional,https://news.google.com/rss/articles/CBMi6wFBVV95cUxPMzZlWDZoM3hwMWJFODZrVUVma2FJUWtBRnZVYVgwM0ZaeWJXTFE2cklZZFVHdVNDVW5RbEJZb2EwVUxMN0FXZU9jX0Z0NERBOTVwOEkyUkFkR2M5dW9LdUJxNDNGbGhKMW11Tnc2S3liMWZrVVdrelBFWTdZa2wwVmdWeHNBZFQwTEZUaFVYaVFzTmswbWk5SWJNMWdQRTMxREhRX2VJSXpJYnpPVXg5cEFXTzhRdS1IUTdIWktVNGRUUndpOUpXa3ZxSDFQdFZXamJteEVRdWZ1MS0zdEVTWWJ1dGRXT3ZPUzdR0gHwAUFVX3lxTFBwSll1c1dFMlZ1dXNvcTlhbElBQ1lwbzlOdlByb1FzcXpwUWxJYnBMWXpKZU9uOUhpbTl5WkVlby01U2FHa1pIWUg2LVdCd2FIdEdoVTZoQXQwSlRaQm9CaF83dDdWRXlRazFHXzBwRC02V0VaUkFzSF9oWVo5OHp5SEdldkxUeXBXdVdCakUyYkpzbFRIb1VJUlRYTTRTWFJwSDU1U0J0TXNvVGhGQy1MRU11TlczN3AwSHloU01RTGJxSGR5b3g4U3pkQW9SWDRSVW0yZzdzeVRNZjRYUUg3TklLSEZLbXlYZWRYOWJlZg?oc=5,Diario Red
31/01/2026,Boxeador Ryan García dice que retira su apoyo a Donald Trump,agenda nacional,https://news.google.com/rss/articles/CBMiowFBVV95cUxPQVlMc0pEdEhNSTc0eWY1SEI0MGk0VFozMW9mRlkwUkNiUnJQNWlneHJRbGJrNXowR0prSUFZWEsxbU5wc0FtRWNUTjNOcE1zUFJIX3puVVpwN2NvSVVvUVVhVzdUbkp0cVluNldkUW9XN3NZaUNQdFJXT2lpa19iLUc5ZXcxZnBoSkxpcWtoYXVYS3A3RFJmTTB0M1N6ckQ2cTdN?oc=5,Los Angeles Times
31/01/2026,Trump aparece al menos 3 mil veces en el último lote de los archivos Epstein,agenda nacional,https://news.google.com/rss/articles/CBMixwFBVV95cUxQQmk4Mkl1S211MW8zcTNRNVNsWk82ZHM4Ymt4MXF1OHA5R0haZlRrdUFCcGRtak1ObVc4bllMMURhbk82S2tCNEpPZ0YtMHhjb2o2QmxuM21zWWNYV2NFcVhJbjc2MVdlZkk5bm1tMktHWlNXMFgwX1pNYWRQQV9DeGE3LTc2V1oxNDU5R2ZsVjRUSlBYQ05tZ3ZfNExjdXhnWmFkUGtQRHk5cmFiVWVIRFNTcGkwOWJWQXQyVjdTbl9VUF9PRjlZ?oc=5,La Jornada
31/01/2026,Sheinbaum inaugurará carretera Bavispe – Nuevo Casas Grandes,agenda nacional,https://news.google.com/rss/articles/CBMi2gFBVV95cUxQeGdYR1ZjeVZZRjRQN3EwamFZbHBoc21qRHBmLWpfVkRPMVB5TVEyUlViTy10T0JmZUczVnBxY3lZYXBSa2ZVMlA0QzB1QTRLdjUxa0hIRHRZanRnMEdMX2wwUmt3YUM4VVE2RXA2c2ZQMlpqTGNIZ1k3UDRFclE1d2g2Y0U2eGNZbm0wZkhieHF1ZF9TdURDb3NEYmFQbnhJNzhrR2N2NzNfTklWUzhUMGx4MWhReUlzMDh1elZianFPSTFUME9CM09uMGNaN2I4UU1iR3U2LVRmUQ?oc=5,IMER Noticias
31/01/2026,¿Qué revelan 3 millones de nuevos documentos sobre los vínculos de Trump con Jeffrey Epstein?,agenda nacional,https://news.google.com/rss/articles/CBMikgFBVV95cUxQajNzLVBDbUQzY0xWZ2IySEEzUlZBVEtjQ3ZRNDlqUVAtOEdUNTNDRzh4Y09XbkJ5UjViUWFkUmxVU3Z4ak9peVBXakJxSmktWEt6NWZjYTlzSVN6OXJmSUM4aTV5OERaYm43TnpTUDVqZGhfUTQyeUVTNHJiWnNvSVN1MXg4OHVsc1JzSWl4Nm1HUQ?oc=5,CNN en Español
31/01/2026,Sheinbaum formaliza Plan de Justicia para trabajadores agrícolas de San Quintín,agenda nacional,https://news.google.com/rss/articles/CBMiqwFBVV95cUxPbFJUeUo4R1lpSS1JYkZQeWJWRllfZmQxdkgweDJGWUYyRWFiTHFvRGZfVF9Wd0JXeW41NFVrazJvQ3JkQ0FQY0gxZVZzTHViWkRHTWFnX1JYOUlzMnZrTzlLalJsUEltbk5QYTRzNHh0LUtxV2dEMUY1b2VNMUN6NVNmNW9YT3Q3MklEVG5LV1lkV2NVa3l0SHJSTGVfbEkxSEFNXzVfRTJqbDg?oc=5,masnoticias.mx
31/01/2026,"Trump afirma que Irán ""está hablando"" con Estados Unidos",agenda nacional,https://news.google.com/rss/articles/CBMingFBVV95cUxQbU9ZdlJINzRqUUJsMGJldExya1pjdlhsdE1nZllxMWFCakV1TXFVcHhYbUdwV0lyZU50ZEUxRHViRzRqcHNFU3dwenFUMlhiQ05wdFpLSFVHd2pndjFac2JTOTNfS1kxT2lwSFFiaWk5c3NhWU1RaTRRd0NOS1hROEp6S2toRm0yVVpTT1VEREQwYmpKTjAzbVVWcTdtUdIBngFBVV95cUxNc2l6cTFFM1JSdFZkaGVNNElKdElPZldKWWlnb0JSR0pXTGMyVUlVMlRObXF4ZFp1T2xkU19HYlRnYnMwR0hPTVlBbE5yNjVQUVJydFJkaUx4RGZPMUNvQUJMaHZYWlRDa1R4Z3ZDWXo1OWRHRl9sbE55VHFBRFRDTmdBaUZxWThnZGp2ZjNyUkJPUU1BV1Axc05MLXkxQQ?oc=5,dw.com
31/01/2026,Archivos Epstein: testigo del Cártel de Sinaloa vincula a Trump con fiestas sexuales en su campo de golf,agenda nacional,https://news.google.com/rss/articles/CBMi3gFBVV95cUxQTV9BeWxLMHJoalozeTRaeDliblVsN19QQWk4dk05Mkd5SVZoUkZWeUdiazlXTzI4b294MzdLb3dBU1ZvUE13Y19ucG1uWnJ4c2R2TFM2ektPbXNvM3pKNlY1VThNdjJNTmk1bzdzTEJWUHA1STZjdm8yOHVTS0RHQVhCWjU3U2VDWF9lTmdhZmpUd3RFZEtlOFUtYWZSN0RqaUFtZ3o1TTQ2cHVKVFNsZHVYQTVTWTlVYXcwVS1IbXZ4SjVZX29OZTJDYnJ3Unh4SUI5U090ZzNxem5ab1HSAd4BQVVfeXFMUE1fQXlsSzByaGpaM3k0Wng5Ym5VbDdfUEFpOHZNOTJHeUlWaFJGVnlHYms5V08yOG9veDM3S293QVNWb1BNd2NfbnBtblpyeHNkdkxTNnpLT21zbzN6SjZWNVU4TXYyTU5pNW83c0xCVlBwNUk2Y3ZvMjh1U0tER0FYQlo1N1NlQ1hfZU5nYWZqVHd0RWRLZThVLWFmUjdEamlBbWd6NU00NnB1SlRTbGR1WEE1U1k5VWF3MFUtSG12eEo1WV9vTmUyQ2Jyd1J4eElCOVNPdGczcXpuWm9R?oc=5,LatinUS
01/02/2026,"Migración, comercio y seguridad: el eje de las llamadas entre Sheinbaum y Trump",agenda nacional,https://news.google.com/rss/articles/CBMixAFBVV95cUxNeFAtSnpxbnpZT01YUUJ3a3VXVWU0czVSTHM5RGktLW1NWXBXN3hlbHdObmhJY2xPLWJZbjBvVUpIUkVNaWV2VlZ5NHltUWNna1ZUWDF4TTBjLWhQMUtYUnh4QUFIQS01X2YzTUFQWk9qOFNEZ2hFQnp0SXF4QU9vN0taSy1QekRNUUVvSy1mQV9RSlJfTGtSaWhCbmhXSFZJZERrVUNPTk1WR1dnQWxlYm8zQTE5LVlEZFBhUUhPUy14bUtM0gHKAUFVX3lxTE9LZlNqbUxya1Y4RUVkOXV6UTRlY2ljblZvNkFrSWVfUUU0eUpaQlA2NTlYc3BQZVhsV3RjMThxckhPOW11UlRJUERGQlAwZl9CaFpmNTRjUk1qWG5fbzRuV2ZFdFJtenZfSUFNMGktR1FQd09BSTFQb01XNkI3YW8tbWR5WmZIT1FEd0phUVJOVHFUaF90bUhYd0pSSXFESjlYUlFwbXNLQ2pOZEhSblpuZVJhUEphY0VJb1ZteENkdEVGU0hpb2NES3c?oc=5,El Economista
31/01/2026,"Resumen de ‘Melania’, el documental sobre la primera dama de Estados Unidos",agenda nacional,https://news.google.com/rss/articles/CBMimAFBVV95cUxNUEdKSEJaeDZnNzl5Y0Z5RXJHb0x3MnBKb3hBZ0UxSVRZS3RqUjhPWTJhMUY4SUFwc2k1OFFiVFEzRU9IdW5tMHNmeEVMY3pVMHZOcW12VGxpN3R5VXJSbWRsSFlsZHEtUFJncHpZZ3NrOFRPczJyUURHLUVUTkdqckJMdFEtNk02NXNFNE1vMzRlUXNnM3NYbQ?oc=5,The New York Times
31/01/2026,Trump aplicará aranceles a países que vendan petróleo a Cuba,agenda nacional,https://news.google.com/rss/articles/CBMirAFBVV95cUxPRFA3WW5PTW1uajlVbkR1NmxLUFlfZk1NcjJLZmxoRnljWU0yVzhUQ3V2MVplT1FYNlpsZlVVQ1luM0R4dnNWT1F0aDJtakpKYVlteUtSZ3VfdHg3UzNyTTh3UUJSeTdlQ1dmTFhKRDJwRGI1UmFmekwwMFhCYnRqRHMxdmdNbnZKRU5saFFuSmduZDNMNm9KSWl5azFpNHZWendkblJuUTY2V2lf0gGsAUFVX3lxTE01ZVVTMkxKNTR6VG4xRVduWXVselMxVk1OR1VrU1JuTF9rUmtDM25mNGNsaGZLRUF3OGxBbGpIRmVGSVV2Zm1uTkdZRzRVVmg2SnJva1dUamgxd3hreERmX2hrenA5Y3RQNXBJdGFvQVg0VXQwVlhXNFFiY0NXRVA5TDV1VWh5ZzhSYU45MjFzcUVHNkcwdlRCSktXOUdldHVDZGdwTnZzOVMySWI?oc=5,dw.com
31/01/2026,Trump ordena a agentes federales mantenerse al margen de protestas por migración,agenda nacional,https://news.google.com/rss/articles/CBMi8gFBVV95cUxPNmhFRlNLMGdDRHZPdGY1aldsZXJkRWdrbkF2NXAza3EwaEIwdXFBUE13RnlEbVR3M21iNy1BTTZ0Ykl1UTFiM1MyZm9HdGR0Y3BxUWV2bXphX1RFa3hCX1pweW1GSllrZzlKVXQ1TEk0VXdEOVVTVFBwZnNsTGd0ZkU1cGxwTWNlLVpqU29ObXUwQzB0VWVWYWFhTjh3ZFk5T3R6YnN6UGZVb1pqVkJOUmlMajQyLUJwS2RTa1VLTkFuSWFBZVRoX212MFVsUlJWYUVER1BYYjFYN2Zqa1kyTVFuRGEyVjlMNmpDMVh5aXpkdw?oc=5,La Jornada
31/01/2026,"Trump dice que Irán ""está hablando"" con EU ante amenaza de ataques militares",agenda nacional,https://news.google.com/rss/articles/CBMilwFBVV95cUxPZ1NkeE13S2lZU3o5czhWOFVsQ0VHaVdnYmNfUXBaTDViQ1poaUZ2UVNKelF2WFVLX0hqNzMxY3F1LW9TR3FNU1N3TUxueUZoTTdDbV9iZWRhLXpCS2hfV2dJalg1bFRxdjd3S2JJajRSclo4SnJKWUdLVnI5QUdoMUNZWDhWOHNvSUNPSkNubEd3RnJSallJ?oc=5,La Jornada
31/01/2026,5 revelaciones de los millones de archivos Epstein que acaban de salir a la luz,agenda nacional,https://news.google.com/rss/articles/CBMiW0FVX3lxTE85cW9ESWNHQ2cwa0MyNkJuYmtLUXZuZ3ZtSXhSMWJVd3lTdVByTnlsX3dwZEgwY29aTlR3TTFDSEFudi0weWNLNTRSUVN0ZEczZThNRWVFQVNFN2vSAWBBVV95cUxQR3MzZE9jV2pNbHBiWFlmR0FsQmFPSlVMNkJUd25yanFpWk1kV3dZOVRnbVZna2RBWVMyejJHZE5QdmRfYlNRclpPc0xnUWlYdTlMTzZsQXJDdldHMGtfcG0?oc=5,BBC
